variable,value
kd_ctrl,0.000167490267588911
kd_zfp,0.00010483194812655249
kd_zfp_high,0.00010145535852843738
