variable,value
oe_ctrl,0.00016301673481863783
oe_zfp,0.00018281105366057878
oe_zfp_high,0.0001880202310123197
