variable,value
oe_ctrl,0.00034097045562996215
oe_zfp,0.0003543413606854336
oe_zfp_high,0.0003943272800938708
